employee_id,employee_account,employee_password
00001,EmmaJohnson@gmail.com,98765
00002,LiamSmith@gmail.com,98786
00003,OliviaWilliams@gmail.com,98807
00004,NoahBrown@gmail.com,98828
00005,AvaJones@gmail.com,98849
00006,WilliamMiller@gmail.com,98870
00007,SophiaDavis@gmail.com,98891
00008,JamesWilson@gmail.com,98912
00009,IsabellaTaylor@gmail.com,98933
00010,BenjaminAnderson@gmail.com,98954
00011,MiaThomas@gmail.com,98975
00012,LucasMoore@gmail.com,98996
00013,AmeliaMartin@gmail.com,99017
00014,HenryLee@gmail.com,99038
00015,EvelynPerez@gmail.com,99059
00016,AlexanderThompson@gmail.com,99080
00017,HarperWhite@gmail.com,99101
00018,MichaelHarris@gmail.com,99122
00019,EllaLewis@gmail.com,99143
00020,DanielWalker@gmail.com,99164
00021,ScarlettRobinson@gmail.com,99185
00022,MatthewYoung@gmail.com,99206
00023,GraceKing@gmail.com,99227
00024,EthanScott@gmail.com,99248
00025,VictoriaGreen@gmail.com,99269
00026,JosephAdams@gmail.com,99290
00027,LilyBaker@gmail.com,99311
00028,JacksonNelson@gmail.com,99332
00029,ZoeyCarter@gmail.com,99353
00030,SebastianMitchell@gmail.com,99374
00031,PenelopePerez@gmail.com,99395
00032,DavidRoberts@gmail.com,99416
00033,RileyTurner@gmail.com,99437
00034,SamuelPhillips@gmail.com,99458
00035,NoraCampbell@gmail.com,99479
00036,GabrielParker@gmail.com,99500
00037,LeahEvans@gmail.com,99521
00038,JackEdwards@gmail.com,99542
00039,HannahCollins@gmail.com,99563
00040,AnthonyStewart@gmail.com,99584
00041,EllieMorris@gmail.com,99605
00042,DylanRogers@gmail.com,99626
00043,NatalieReed@gmail.com,99647
00044,IsaacCook@gmail.com,99668
00045,AddisonBailey@gmail.com,99689
00046,LukeHoward@gmail.com,99710
00047,HazelBell@gmail.com,99731
00048,ChristopherWard@gmail.com,99752
00049,LucyCooper@gmail.com,99773
00050,OwenBrooks@gmail.com,99794
00051,AriaRivera@gmail.com,99815
00052,JaydenCox@gmail.com,99836
00053,PaisleyMurphy@gmail.com,99857
00054,WyattKim@gmail.com,99878
00055,SkylarRamirez@gmail.com,99899
00056,AndrewDiaz@gmail.com,99920
00057,SavannahMyers@gmail.com,99941
00058,CalebKelly@gmail.com,99962
00059,StellaSanders@gmail.com,99983
00060,NathanMorgan@gmail.com,100004
00061,MayaPatterson@gmail.com,100025
00062,RyanJames@gmail.com,100046
00063,BrooklynLong@gmail.com,100067
00064,IsaacHughes@gmail.com,100088
00065,VioletPrice@gmail.com,100109
00066,JoshuaFoster@gmail.com,100130
00067,LaylaBennett@gmail.com,100151
00068,CharlesRussell@gmail.com,100172
00069,AubreyColeman@gmail.com,100193
00070,EliPerry@gmail.com,100214
00071,EllieGriffin@gmail.com,100235
00072,HunterCruz@gmail.com,100256
00073,ZoeRodriguez@gmail.com,100277
00074,LeviKing@gmail.com,100298
00075,ChloeBailey@gmail.com,100319
00076,JonathanGray@gmail.com,100340
00077,MilaHughes@gmail.com,100361
00078,CameronJenkins@gmail.com,100382
00079,AubreeScott@gmail.com,100403
00080,ChristianAdams@gmail.com,100424
00081,LillianCampbell@gmail.com,100445
00082,JulianLong@gmail.com,100466
00083,SamanthaMitchell@gmail.com,100487
00084,IsaiahCox@gmail.com,100508
00085,ClaireRivera@gmail.com,100529
00086,AdrianMurphy@gmail.com,100550
00087,AuroraRamirez@gmail.com,100571
00088,AaronDiaz@gmail.com,100592
00089,EllieHoward@gmail.com,100613
00090,NolanFisher@gmail.com,100634
00091,GenesisReed@gmail.com,100655
00092,RobertRoss@gmail.com,100676
00093,KennedyPeterson@gmail.com,100697
00094,DominicPowell@gmail.com,100718
00095,EmeryBarnes@gmail.com,100739
00096,LincolnJenkins@gmail.com,100760
00097,BellaRussell@gmail.com,100781
00098,LandonBryant@gmail.com,100802
00099,EvelynWoods@gmail.com,100823
00100,EvanMorgan@gmail.com,100844
00101,NaomiPatterson@gmail.com,100865
00102,ThomasMyers@gmail.com,100886
00103,ArianaJames@gmail.com,100907
00104,CarsonBell@gmail.com,100928
00105,AubreeLee@gmail.com,100949
00106,MateoParker@gmail.com,100970
00107,LilyHenderson@gmail.com,100991
00108,JaxonWashington@gmail.com,101012
00109,SerenityHamilton@gmail.com,101033
00110,LeoTorres@gmail.com,101054
00111,MilaButler@gmail.com,101075
00112,JamesonBrooks@gmail.com,101096
00113,EverlyGriffin@gmail.com,101117
00114,IanCole@gmail.com,101138
00115,LucyGray@gmail.com,101159
00116,AdamBennett@gmail.com,101180
00117,AdelineCooper@gmail.com,101201
00118,EliasWright@gmail.com,101222
00119,MadelineWard@gmail.com,101243
00120,TheodoreButler@gmail.com,101264
00121,BrielleHoward@gmail.com,101285
00122,MasonEvans@gmail.com,101306
00123,JuliaTurner@gmail.com,101327
00124,ParkerPrice@gmail.com,101348
00125,ValentinaLee@gmail.com,101369
00126,JasonMorris@gmail.com,101390
00127,SadieBailey@gmail.com,101411
00128,EzraReed@gmail.com,101432
00129,AliceRoss@gmail.com,101453
00130,WestonParker@gmail.com,101474
00131,SydneyWard@gmail.com,101495
00132,LukeSanders@gmail.com,101516
00133,ArianaHoward@gmail.com,101537
00134,ColeYoung@gmail.com,101558
00135,EllieThompson@gmail.com,101579
00136,BentleyRivera@gmail.com,101600
00137,LaylaDiaz@gmail.com,101621
00138,HarrisonPowell@gmail.com,101642
00139,HaileyJenkins@gmail.com,101663
00140,ConnorCooper@gmail.com,101684
00141,DelilahPeterson@gmail.com,101705
00142,ZacharyFlores@gmail.com,101726
00143,AuroraRoss@gmail.com,101747
00144,EastonHoward@gmail.com,101768
00145,ScarlettButler@gmail.com,101789
00146,JordanJenkins@gmail.com,101810
00147,KennedyFisher@gmail.com,101831
00148,TylerBailey@gmail.com,101852
00149,NatalieMorris@gmail.com,101873
00150,HudsonReed@gmail.com,101894
00151,EmiliaCook@gmail.com,101915
00152,WyattMitchell@gmail.com,101936
00153,ClaireDiaz@gmail.com,101957
00154,LincolnHughes@gmail.com,101978
00155,VioletPrice@gmail.com,101999
00156,LandonRamirez@gmail.com,102020
00157,StellaBennett@gmail.com,102041
00158,RyanFisher@gmail.com,102062
00159,AriaPowell@gmail.com,102083
00160,CarterParker@gmail.com,102104
00161,GabriellaRoss@gmail.com,102125
00162,JulianReed@gmail.com,102146
00163,LeahMurphy@gmail.com,102167
00164,XavierCruz@gmail.com,102188
00165,SophieThompson@gmail.com,102209
00166,HunterBailey@gmail.com,102230
00167,AddisonLee@gmail.com,102251
00168,GavinJames@gmail.com,102272
00169,LilyHenderson@gmail.com,102293
00170,BrandonJenkins@gmail.com,102314
00171,MilaFlores@gmail.com,102335
00172,SpencerCollins@gmail.com,102356
00173,AddisonHoward@gmail.com,102377
00174,AshtonPowell@gmail.com,102398
00175,IsabelleTurner@gmail.com,102419
00176,NathanielParker@gmail.com,102440
00177,ChloeSanders@gmail.com,102461
00178,RomanKing@gmail.com,102482
00179,LillianBailey@gmail.com,102503
00180,JeremiahRivera@gmail.com,102524
00181,EleanorReed@gmail.com,102545
00182,EliasCollins@gmail.com,102566
00183,MilaMyers@gmail.com,102587
00184,AaronPeterson@gmail.com,102608
00185,ElliePowell@gmail.com,102629
00186,CalebJenkins@gmail.com,102650
00187,GraceRamirez@gmail.com,102671
00188,MicahBrooks@gmail.com,102692
00189,ZoeColeman@gmail.com,102713
00190,TristanParker@gmail.com,102734
00191,MayaTorres@gmail.com,102755
00192,NicolasLee@gmail.com,102776
00193,BrooklynEvans@gmail.com,102797
00194,CameronJenkins@gmail.com,102818
00195,AbigailCruz@gmail.com,102839
00196,EverettRoss@gmail.com,102860
00197,ScarlettBarnes@gmail.com,102881
00198,BlakeJames@gmail.com,102902
00199,LucyDiaz@gmail.com,102923
00200,MateoYoung@gmail.com,102944
00201,PenelopeMorgan@gmail.com,102965
00202,AustinFoster@gmail.com,102986
00203,CharlotteCollins@gmail.com,103007
00204,BraxtonButler@gmail.com,103028
00205,LaylaPeterson@gmail.com,103049
00206,GiovanniBennett@gmail.com,103070
00207,EvelynParker@gmail.com,103091
00208,GavinFlores@gmail.com,103112
00209,AveryMorgan@gmail.com,103133
00210,ChaseRamirez@gmail.com,103154
00211,LeahHughes@gmail.com,103175
00212,MilesBailey@gmail.com,103196
00213,MiaSanders@gmail.com,103217
00214,BentleyFlores@gmail.com,103238
00215,SamanthaThompson@gmail.com,103259
00216,SawyerRussell@gmail.com,103280
00217,AnnaLee@gmail.com,103301
00218,PrestonJenkins@gmail.com,103322
00219,LilyBennett@gmail.com,103343
00220,BrandonFoster@gmail.com,103364
00221,ZoeyParker@gmail.com,103385
00222,WesleyJames@gmail.com,103406
00223,EleanorBailey@gmail.com,103427
00224,JaxsonHughes@gmail.com,103448
00225,MadisonCruz@gmail.com,103469
00226,DeclanColeman@gmail.com,103490
00227,LunaJenkins@gmail.com,103511
00228,AydenRamirez@gmail.com,103532
00229,GraceButler@gmail.com,103553
00230,AsherLee@gmail.com,103574
00231,VioletRivera@gmail.com,103595
00232,LeoParker@gmail.com,103616
00233,StellaJames@gmail.com,103637
00234,ChristianBennett@gmail.com,103658
00235,ChloeSanders@gmail.com,103679
00236,SebastianPowell@gmail.com,103700
00237,AveryMyers@gmail.com,103721
00238,EliasHughes@gmail.com,103742
00239,ZoeyColeman@gmail.com,103763
00240,CarterJenkins@gmail.com,103784
00241,HannahFlores@gmail.com,103805
00242,MaxwellReed@gmail.com,103826
00243,LucyBarnes@gmail.com,103847
00244,VincentDiaz@gmail.com,103868
00245,EllieFisher@gmail.com,103889
00246,JulianMurphy@gmail.com,103910
00247,AddisonButler@gmail.com,103931
00248,AshtonParker@gmail.com,103952
00249,ZoeyHoward@gmail.com,103973
00250,NolanThompson@gmail.com,103994
00251,GraceLee@gmail.com,104015
00252,GrantRivera@gmail.com,104036
00253,ScarlettMyers@gmail.com,104057
00254,ChristianJenkins@gmail.com,104078
00255,LaylaButler@gmail.com,104099
00256,JaydenLee@gmail.com,104120
00257,LeahParker@gmail.com,104141
00258,HarrisonMyers@gmail.com,104162
00259,EllieRamirez@gmail.com,104183
00260,LeviThompson@gmail.com,104204
00261,LilyJames@gmail.com,104225
00262,LandonParker@gmail.com,104246
00263,MadisonLee@gmail.com,104267
00264,IanBrooks@gmail.com,104288
00265,BrielleJenkins@gmail.com,104309
00266,HudsonBailey@gmail.com,104330
00267,AddisonParker@gmail.com,104351
00268,LincolnRivera@gmail.com,104372
00269,EllieThompson@gmail.com,104393
00270,OliverHoward@gmail.com,104414
00271,AriaLee@gmail.com,104435
00272,EthanCruz@gmail.com,104456
00273,LilyButler@gmail.com,104477
00274,MasonParker@gmail.com,104498
00275,EllieRivera@gmail.com,104519
00276,JackJenkins@gmail.com,104540
00277,LaylaFisher@gmail.com,104561
00278,OwenFlores@gmail.com,104582
00279,ZoeyThompson@gmail.com,104603
00280,AidenButler@gmail.com,104624
00281,ScarlettReed@gmail.com,104645
00282,JaxonJames@gmail.com,104666
00283,EllieBarnes@gmail.com,104687
00284,WyattFlores@gmail.com,104708
00285,AddisonParker@gmail.com,104729
00286,LoganThompson@gmail.com,104750
00287,ZoeHoward@gmail.com,104771
00288,HunterBrooks@gmail.com,104792
00289,GraceJenkins@gmail.com,104813
00290,CalebFisher@gmail.com,104834
00291,AubreyLee@gmail.com,104855
00292,LeviRivera@gmail.com,104876
00293,ClaireThompson@gmail.com,104897
00294,CarterBrooks@gmail.com,104918
00295,EllieJenkins@gmail.com,104939
00296,BlakeFlores@gmail.com,104960
00297,GraceBailey@gmail.com,104981
00298,LucasParker@gmail.com,105002
00299,VioletHughes@gmail.com,105023
00300,ParkerMyers@gmail.com,105044
00301,ZoeyColeman@gmail.com,105065
00302,LoganRivera@gmail.com,105086
00303,MadisonLee@gmail.com,105107
00304,HunterParker@gmail.com,105128
00305,EllieHoward@gmail.com,105149
00306,AustinThompson@gmail.com,105170
00307,ZoeJames@gmail.com,105191
00308,AidenJenkins@gmail.com,105212
00309,LaylaFisher@gmail.com,105233
00310,AsherBrooks@gmail.com,105254
00311,GraceRivera@gmail.com,105275
00312,WestonHoward@gmail.com,105296
00313,LilyMyers@gmail.com,105317
00314,LucasBailey@gmail.com,105338
00315,EllieParker@gmail.com,105359
00316,CameronLee@gmail.com,105380
00317,GraceThompson@gmail.com,105401
00318,BraydenFisher@gmail.com,105422
00319,ScarlettJenkins@gmail.com,105443
00320,JacksonRivera@gmail.com,105464
00321,MadisonParker@gmail.com,105485
00322,EthanLee@gmail.com,105506
00323,LilyFlores@gmail.com,105527
00324,ColeHoward@gmail.com,105548
00325,GraceBrooks@gmail.com,105569
00326,CarterJenkins@gmail.com,105590
00327,EllieThompson@gmail.com,105611
00328,BlakeRivera@gmail.com,105632
00329,AriaParker@gmail.com,105653
00330,LoganJames@gmail.com,105674
00331,EllieLee@gmail.com,105695
00332,JulianMyers@gmail.com,105716
00333,GraceFisher@gmail.com,105737
00334,EthanParker@gmail.com,105758
00335,LilyHughes@gmail.com,105779
00336,GavinJenkins@gmail.com,105800
00337,MadisonButler@gmail.com,105821
00338,OwenParker@gmail.com,105842
00339,EllieBrooks@gmail.com,105863
00340,AustinRivera@gmail.com,105884
00341,ScarlettHoward@gmail.com,105905
00342,AsherJames@gmail.com,105926
00343,LilyFisher@gmail.com,105947
00344,WyattParker@gmail.com,105968
00345,EllieThompson@gmail.com,105989
00346,BlakeMyers@gmail.com,106010
00347,GraceRivera@gmail.com,106031
00348,CarterJenkins@gmail.com,106052
00349,VioletButler@gmail.com,106073
00350,HarrisonParker@gmail.com,106094
00351,LilyHughes@gmail.com,106115
00352,NolanHoward@gmail.com,106136
00353,EllieFisher@gmail.com,106157
00354,BraydenParker@gmail.com,106178
00355,GraceJenkins@gmail.com,106199
00356,JulianLee@gmail.com,106220
00357,LaylaRivera@gmail.com,106241
00358,LoganParker@gmail.com,106262
00359,EllieThompson@gmail.com,106283
00360,BlakeFisher@gmail.com,106304
00361,GraceBailey@gmail.com,106325
00362,AsherJenkins@gmail.com,106346
00363,ScarlettMyers@gmail.com,106367
00364,EthanParker@gmail.com,106388
00365,LilyLee@gmail.com,106409
00366,MasonRivera@gmail.com,106430
00367,GraceHoward@gmail.com,106451
00368,LoganThompson@gmail.com,106472
00369,EllieFisher@gmail.com,106493
00370,WyattParker@gmail.com,106514
00371,GraceBrooks@gmail.com,106535
00372,CarterJenkins@gmail.com,106556
00373,LilyHughes@gmail.com,106577
00374,BlakeRivera@gmail.com,106598
00375,EllieHoward@gmail.com,106619
00376,LoganParker@gmail.com,106640
00377,GraceJenkins@gmail.com,106661
00378,AustinLee@gmail.com,106682
00379,EllieThompson@gmail.com,106703
00380,EthanMyers@gmail.com,106724
00381,GraceFisher@gmail.com,106745
00382,WyattParker@gmail.com,106766
00383,LilyBailey@gmail.com,106787
00384,AriaRivera@gmail.com,106808
00385,EllieHoward@gmail.com,106829
00386,LoganJames@gmail.com,106850
00387,GraceBrooks@gmail.com,106871
00388,MasonJenkins@gmail.com,106892
00389,EllieThompson@gmail.com,106913
00390,BlakeMyers@gmail.com,106934
00391,LilyParker@gmail.com,106955
00392,CarterFisher@gmail.com,106976
00393,GraceJenkins@gmail.com,106997
00394,LoganLee@gmail.com,107018
00395,EllieRivera@gmail.com,107039
00396,AustinParker@gmail.com,107060
00397,GraceHoward@gmail.com,107081
00398,WyattThompson@gmail.com,107102
00399,LilyFisher@gmail.com,107123
00400,AsherJenkins@gmail.com,107144
00401,EllieBrooks@gmail.com,107165
00402,LoganParker@gmail.com,107186
00403,GraceHughes@gmail.com,107207
00404,MasonRivera@gmail.com,107228
00405,EllieHoward@gmail.com,107249
00406,CarterLee@gmail.com,107270
00407,GraceJenkins@gmail.com,107291
00408,BlakeThompson@gmail.com,107312
00409,EllieFisher@gmail.com,107333
00410,WyattParker@gmail.com,107354
00411,LilyBailey@gmail.com,107375
00412,GraceJenkins@gmail.com,107396
00413,LoganRivera@gmail.com,107417
00414,EllieHoward@gmail.com,107438
00415,MasonJames@gmail.com,107459
00416,GraceBrooks@gmail.com,107480
00417,CarterParker@gmail.com,107501
00418,EllieThompson@gmail.com,107522
00419,AsherJenkins@gmail.com,107543
00420,LilyMyers@gmail.com,107564
00421,WyattParker@gmail.com,107585
00422,GraceFisher@gmail.com,107606
00423,LoganHoward@gmail.com,107627
00424,EllieRivera@gmail.com,107648
00425,BlakeParker@gmail.com,107669
00426,LilyJenkins@gmail.com,107690
00427,CarterBrooks@gmail.com,107711
00428,GraceHughes@gmail.com,107732
00429,MasonThompson@gmail.com,107753
00430,EllieFisher@gmail.com,107774
00431,WyattParker@gmail.com,107795
00432,GraceJenkins@gmail.com,107816
00433,LoganRivera@gmail.com,107837
00434,EllieHoward@gmail.com,107858
00435,AustinLee@gmail.com,107879
00436,GraceBrooks@gmail.com,107900
00437,CarterJenkins@gmail.com,107921
00438,LilyMyers@gmail.com,107942
00439,EllieFisher@gmail.com,107963
00440,BlakeParker@gmail.com,107984
00441,GraceHughes@gmail.com,108005
00442,MasonRivera@gmail.com,108026
00443,EllieHoward@gmail.com,108047
00444,LoganParker@gmail.com,108068
00445,GraceThompson@gmail.com,108089
00446,CarterLee@gmail.com,108110
00447,EllieFisher@gmail.com,108131
00448,AsherBrooks@gmail.com,108152
00449,GraceJenkins@gmail.com,108173
00450,WyattParker@gmail.com,108194
00451,LilyHughes@gmail.com,108215
00452,BlakeRivera@gmail.com,108236
00453,EllieHoward@gmail.com,108257
00454,LoganJames@gmail.com,108278
00455,GraceJenkins@gmail.com,108299
00456,MasonThompson@gmail.com,108320
00457,EllieFisher@gmail.com,108341
00458,CarterParker@gmail.com,108362
00459,GraceBrooks@gmail.com,108383
00460,WyattJenkins@gmail.com,108404
00461,LilyMyers@gmail.com,108425
00462,LoganHoward@gmail.com,108446
00463,EllieRivera@gmail.com,108467
00464,AsherParker@gmail.com,108488
00465,GraceHughes@gmail.com,108509
00466,BlakeFisher@gmail.com,108530
00467,EllieThompson@gmail.com,108551
00468,MasonParker@gmail.com,108572
00469,GraceBrooks@gmail.com,108593
00470,CarterJenkins@gmail.com,108614
00471,EllieHoward@gmail.com,108635
00472,LoganParker@gmail.com,108656
00473,LilyRivera@gmail.com,108677
00474,WyattFisher@gmail.com,108698
00475,EllieThompson@gmail.com,108719
00476,MasonParker@gmail.com,108740
00477,GraceJenkins@gmail.com,108761
00478,CarterLee@gmail.com,108782
00479,EllieHoward@gmail.com,108803
00480,BlakeParker@gmail.com,108824
00481,GraceHughes@gmail.com,108845
00482,EllieFisher@gmail.com,108866
00483,LoganRivera@gmail.com,108887
00484,MasonJenkins@gmail.com,108908
00485,GraceBrooks@gmail.com,108929
00486,WyattParker@gmail.com,108950
00487,EllieThompson@gmail.com,108971
00488,CarterHoward@gmail.com,108992
00489,GraceHughes@gmail.com,109013
00490,BlakeFisher@gmail.com,109034
00491,EllieParker@gmail.com,109055
00492,AsherJenkins@gmail.com,109076
00493,GraceBrooks@gmail.com,109097
00494,LoganThompson@gmail.com,109118
00495,EllieRivera@gmail.com,109139
00496,MasonParker@gmail.com,109160
00497,GraceHughes@gmail.com,109181
00498,EllieHoward@gmail.com,109202
00499,WyattParker@gmail.com,109223
00500,GraceFisher@gmail.com,109244
